Profile,Bio
1MILLION Dance Studio,Superdance dope
5-Minute Crafts,"Mega, singer, actor superdancer!"
Adam Neely,"Love love, loveeeeee lvoe"
Adam Ondra,Make this happen
Adventure Archives,Test
Aimee Song, 
Alex Honnold,
Alex Honnold,
Alexandra Gater,
Amber Kemp-Gerstel (damasklove),
Andrew Ethan Zeng,
Andrew Huang,
Andrew Weil,
Annie Leibowitz,
April Wilkerson,
Aqua Pros,
Aquarium Co-Op,
Austin Evan,
Austin Evans,
Babish culinary,
Barack Obama,
Bea Johnson (Zero Waste Home),
Bear Grylls,
Ben Boehmer,
Best Products,
Bestcovery,
Bill Gates,
BoardGameGeek,
Brad Colbow,
Braille Skateboarding,
Brandon Sanderson's lectures,
Brandon Woelfel,
Brandon Woelfell,
Breathe and Flow,
Bridget,
bridget,
Byrdie Magazine,
Cal Newport,
Camila Coelho,
Cassey Ho),
Chase Jarvis,
Chiara Ferragni,
Chris Burkhard,
Chris Forsberg,
ChrisFix,
CNET,
Consumer Reports,
Cyarine,
Danny MacAskill,
Darwin onthetrail,
Dave2D,
Dave2D,
Deadmaus,
Derek Hough,
Derek Sivers,
Design My Costume,
Devin Super Tramp,
Domics,
Doug DeMuro,
dr stefi cohen,
Drew Binsky,
DSLRguide,
Dytto,
Eliud Kipchoge,
Elizabeth Gilbert,
Elon Musk,
Elsie + Emma A Beautiful Mess,
Em and Lloyd,
Emily Henderson,
Engineering Explained,
Eric Cressey,
EXCESSORIZE ME.,
EXCESSORIZE ME.,
Family Fizz,
Film Riot,
Flip Aquatics,
Foo the Flowerhorn,
Gadget 360,
GameStop,
Garden Answer,
George Farmer,
George Farmer,
George Farmer (George Farmer Studios),
Global Cycling Network (GCN),
Good Housekeeping,
GQ,
GQ 10 Things I Can't Live Without,
Greatist,
Green Aqua,
Grills review,
Houseplantjournal,
Huda Kattan (Huda Beauty),
Huw Richards - Grow Food Organically,
IGN,
iJustine,
iJustine,
Ilana Wiles (Mommy Shorts),
Ingrid Nilsen,
Instant Grooming,
Jacksepticeye,
Jaiden Animations,
James Charles,
James Charles,
James Clear ,
Jamie Oliver,
Jeffree Star,
Jenna Moreci,
Jenny Mustard,
Jessica Hische,
Jessica Kobeissi,
Jessica Kobeissi,
Jessica Richburg,
Joanna Gaines,
Joe McNally,
Joe Robinet,
Joe Rogan,
John Ive,
John Malecki,
John Plant (Primitive Technology),
Jon Peters,
Jonny Giger,
journeyera,
journeyera,
Justina Blakeney,
Kara and Nate,
Kate Courtney,
Katie Stauffer,
Kelly Starrett,
Ken Block,
Kilian Jornet,
Kino MacGregor,
Kinwoven - Robeson Design,
Kraig Adams,
Kurzgesagt – In a Nutshell,
LaurDIY,
Lauren Hom,
Lauren Singer (Trash is for Tossers),
Levi Hildebrand,
Lex Friedman,
Lia Griffith,
Liam Porritt,
Linus Tech Tips,
Linus Tech Tips,
Maddie Ziegler,
Magnus Walker,
Manny Ortiz,
Marie Kondo,
Marie Kondo,
Mark Plier,
Marki Piler,
Marshmello,
Martin Garrix,
Martin Garrix,
Matt Komo,
Matt Steffanina,
Matthias Wandel,
MD Fish Tanks,
MIgardener,
Mikeia Conelli,
Mikeia Conelli,
Misty Copeland,
Mixdown Mag,
Mizko,
MKBHD,
Mo Farah,
Molly Yeh,
Moriah Elizabeth,
Mr. Kate,
Naval Ravikant,
Neil Gaiman,
Nikkie de Jager (NikkieTutorials),
NikkieTutorials,
Nyjah Huston,
Ogeh Ezeonu,
Oliver Knott,
overeview,
Pack Hacker,
Pack Hacker,
Pamela Reif,
Patricia Bright,
Paul Rodriguez,
PC Mag,
Peter Attia,
Peter Sagan,
Philip Bloom,
Productreview.com.au,
Quackalope,
Renee Roaming,
Rich Roll,
Rossana Pansino,
Rossdraws,
Sage Running,
saltinyourhair,
saltinyourhair,
Seth's Bike Hacks,
Shaelin Writes,
Shelbizleee,
Shroud,
Shut Up & Sit Down,
Simon Hooper (Father of Daughters),
Stephen King,
Steve Ramsey - Woodworking for Mere Mortals,
Survival Lilly,
Survivorman (Les Stroud),
Swerve™,
TA Outdoors,
Takashi Amano,
techsource,
The Broke Backpacker,
The Dice Tower,
The Everyday Dad,
The Holderness Family,
The Huberman Lab,
The Jungalow,
The king of DIY,
The Run Experience,
The Singletrack Sampler,
The Spruce,
thebrokebackpacker,
Thenx,
TheOdd1sOut,
Tim Ferriss,
Todd McFarlane,
Tom's Hardware,
Tony Hawk,
TonyvToons,
Tyler Blevins (Ninja),
Unbox Therapy,
Unbox Therapy,
UrAvgConsumer,
Urban Farmstead,
Veritasium (Derek Muller),
Vitalik Buterin,
VO2maxProductions,
Vsauce (Michael Stevens),
Watch It Played,
WhatsUpMoms,
Wil Wheaton,
Will Paterson,
WireCutter,
Wired,
Yoga by Adrienne,
Yoga by Adrienne,
Yotam Ottolenghi,
You Suck at Producing,
Zoe Sugg,